ray_id,x,y,z
1,1000.0,0.0,6.123233995736766e-14
1,999.992235163956,-6.211868835196313e-5,6.123186449828742e-14
1,999.8928259496743,-0.0008573924025981428,6.122577743950601e-14
1,998.9060709141557,-0.008751432685834008,6.116535612204139e-14
1,992.4682096626059,-0.0602543226550361,6.077115092293883e-14
1,974.922349571183,-0.20062120292755403,5.969677800494169e-14
1,948.7084857934685,-0.41033211145792114,5.80916459561627e-14
1,917.934021513091,-0.6565278219681517,5.6207262439972966e-14
1,880.9029933547307,-0.9527760398358772,5.3939783108918407e-14
1,839.8808014988507,-1.2809535619719932,5.142792657461418e-14
1,795.2112488840578,-1.638309962302693,4.869274886758606e-14
1,748.4636777396356,-2.012290500052271,4.5830347999370476e-14
1,700.5650253348015,-2.395479672996339,4.289748656962791e-14
1,652.6453730637282,-2.778836824854848,3.996336559613759e-14
1,605.5268118947034,-3.1557852210344155,3.707832713394347e-14
1,559.9315727023222,-3.520547005669724,3.4286598103865837e-14
1,516.3704907241562,-3.869035485259818,3.161946097369156e-14
1,475.2099810960001,-4.198319323778256,2.909935466754416e-14
1,436.66803282169917,-4.506654590021091,2.673962938983655e-14
1,400.8477248733527,-4.793216627820608,2.454659888947952e-14
1,367.7595883169173,-5.057921157818327,2.2520909795172372e-14
1,337.3444156672901,-5.301241801163287,2.065893832790309e-14
1,309.4940923583725,-5.524043426037896,1.89540658870375e-14
1,284.06778822874855,-5.727452613736052,1.739767052897558e-14
1,260.9050937248311,-5.9127525666457625,1.5979931360673405e-14
1,239.83581043033917,-6.081304781167633,1.469042808019569e-14
1,220.6890152397365,-6.234476531197322,1.3518695982010674e-14
1,203.29714165144037,-6.373608213931605,1.2454475917561336e-14
1,187.50018988855027,-6.499979664623677,1.1487972091366456e-14
1,173.14774065305608,-6.614794041509789,1.0609975392281103e-14
1,160.10029824989368,-6.719167075071915,9.811945645173495e-15
1,148.22973409827503,-6.814123513296164,9.086038782518034e-15
1,137.41927985786063,-6.900597169040516,8.425106432551138e-15
1,127.56313616354475,-6.979434041381276,7.822671971271322e-15
1,118.56587939351228,-7.05139705140835,7.272894205093536e-15
1,110.34173016975622,-7.117171882666962,6.770522587503103e-15
1,102.81377402931871,-7.177373202559762,6.310849505201083e-15
1,95.91316162397517,-7.232551045579861,5.8896613114883755e-15
1,89.57827319148095,-7.283197479828207,5.503187185590781e-15
1,83.75407218986484,-7.329751758235098,5.148059545794158e-15
1,78.39142150960599,-7.37260576623361,4.821272181398479e-15
1,73.44640216077256,-7.412109445888407,4.520138553089489e-15
1,68.87975856883811,-7.448575203769433,4.242257830395403e-15
1,64.65637103023761,-7.482282096973576,3.985482601305394e-15
1,60.74479580455064,-7.513479473203646,3.74789072033941e-15
1,57.11684871533835,-7.54239025693873,3.5277598246800873e-15
1,53.74723906593652,-7.569213826547864,3.3235449310052355e-15
1,50.613242958261935,-7.594128568487992,3.133858447997673e-15
1,47.69441513832184,-7.617294114467091,2.957452549585519e-15
1,44.97233405300369,-7.638853302642249,2.7932035844089924e-15
1,42.43037669164792,-7.658933888588824,2.640098311926245e-15
1,40.05351979138496,-7.677650031410025,2.497221756102263e-15
1,37.828164013575005,-7.6951035796927165,2.3637464698172596e-15
1,35.741979002049916,-7.711385171231427,2.2389230819224603e-15
1,33.783765757860984,-7.726575171401946,2.1220719107097723e-15
1,31.943335511895203,-7.740744452743604,2.012575592790741e-15
1,30.211401440971027,-7.753955039433092,1.909872507270198e-15
1,28.57948312452638,-7.7662606114297255,1.8134509879637375e-15
1,27.039821034233377,-7.7777068816735975,1.7228441616127899e-15
1,25.585300428021753,-7.788331841611054,1.6376253746474231e-15
1,24.209382739976668,-7.798165877273995,1.5574040962512674e-15
1,22.90604434550319,-7.807231741330818,1.4818222917351172e-15
1,21.66972037468211,-7.815544377764262,1.4105511324836925e-15
1,20.495254094751107,-7.823110568878708,1.343288076806987e-15
1,19.377849657987,-7.829928384688462,1.2797541997972832e-15
1,18.313028526513573,-7.835986385162635,1.2196917988796355e-15
1,17.296587966222923,-7.841262521644169,1.1628621948242352e-15
1,16.324561587078147,-7.84572264994781,1.1090437433508696e-15
1,15.393179618650944,-7.849318545237287,1.0580299509924416e-15
1,14.498817183223919,-7.851985273413877,1.0096270981564367e-15
1,13.637999832705196,-7.853637489282033,9.63655145950866e-16
1,12.807345991284487,-7.8541648183230475,9.199453837051437e-16
1,12.003582150553973,-7.853425603871999,8.783421736063706e-16
1,11.223600761456117,-7.851239234341615,8.387068765291236e-16
1,10.464688285396779,-7.847378255690685,8.009298823272008e-16
1,9.725097492465466,-7.841565627142158,7.649575460821203e-16
1,9.005146987345261,-7.8334910975505325,7.308388367079606e-16
1,8.308239587689854,-7.822862186013005,6.987573696834775e-16
1,7.639636245693278,-7.8094604929691265,6.689523570205059e-16
1,7.003036505896512,-7.793134785642654,6.415544309798484e-16
1,6.399212776944571,-7.7737580833694375,6.165377215217584e-16
1,5.826993178616032,-7.751208037562932,5.937803138836103e-16
1,5.284126343239523,-7.7253542519661975,5.7311340612821845e-16
1,4.767904373419627,-7.69605232569636,5.543543802148459e-16
1,4.275464648059719,-7.66313641424816,5.373229684572711e-16
1,3.8039661108940144,-7.6264128011630055,5.218501893139235e-16
1,3.350666291931705,-7.585652241262439,5.077822054322471e-16
1,2.9129490744852164,-7.540581092764928,4.94981707076223e-16
1,2.4883033236098715,-7.490868150656572,4.833274561253309e-16
1,2.0743276072244905,-7.436113173956346,4.727145137832167e-16
1,1.6686405183965387,-7.375820891216424,4.630521168472082e-16
1,1.2688183529410215,-7.309369975809734,4.542630388689468e-16
1,0.8722803058086853,-7.235962584510172,4.462826481975901e-16
1,0.476166620595097,-7.154554115602163,4.3905927344764353e-16
1,0.07730386308991971,-7.063779526273792,4.3255764953663745e-16
1,-0.3270951975600051,-6.962055369932211,4.267731841277789e-16
1,-0.7351531006160142,-6.848820536228686,4.217783531843039e-16
1,-1.1351322717611,-6.726817561901912,4.1772215735970037e-16
1,-1.5196676179439206,-6.598622746102984,4.1462574529800337e-16
1,-1.8887696366889064,-6.464970057462315,4.1241373591367635e-16
1,-2.243230269210778,-6.32636804603865,4.1101003347322193e-16
1,-2.584709821090368,-6.182935296571246,4.103453807203603e-16
1,-2.914880390093784,-6.034659122623744,4.103646810690541e-16
1,-3.2356716294657764,-5.881262924807872,4.1102741032623527e-16
1,-3.551714383104108,-5.720885583501977,4.1232244103836747e-16
1,-3.864080524244278,-5.553130681825834,4.1425105202891326e-16
1,-4.175665925550336,-5.376454879894106,4.168409385944084e-16
1,-4.488666849259715,-5.189434282419655,4.201375618321014e-16
1,-4.805848991626488,-4.99004782310231,4.242157854688678e-16
1,-5.128952999121613,-4.776661031500695,4.291624811871488e-16
1,-5.455413825636313,-4.550515962654538,4.350028156163667e-16
1,-5.776953042866234,-4.317483015735242,4.4161146511475656e-16
1,-6.0899348032478,-4.080961054810267,4.488858816730949e-16
1,-6.394433165566687,-3.8418526312311547,4.567809731239217e-16
1,-6.691265618685964,-3.600444032002676,4.652700290340263e-16
1,-6.981665895438952,-3.3565750371410235,4.743441959158083e-16
1,-7.266913138311704,-3.109913195599267,4.840050911041709e-16
1,-7.548330408942319,-2.859957419660626,4.942654166806805e-16
1,-7.827213543609966,-2.6061079929396316,5.051466559421893e-16
1,-8.104840093920531,-2.3476713322579257,5.166790274811459e-16
1,-8.382462166451287,-2.0838789483661184,5.289007775006266e-16
1,-8.661319912819039,-1.813886677394671,5.418582844505556e-16
1,-8.942651954881606,-1.536775029789853,5.556061430435883e-16
1,-9.227710766096617,-1.25154310159271,5.702075899364158e-16
1,-9.517775937547267,-0.9571029274871485,5.857349578611697e-16
1,-9.814164858771697,-0.6522751986104172,6.02270086418969e-16
1,-10.118234830299519,-0.33579300410630086,6.199042855853161e-16
1,-10.431368548125617,-0.006322883993433263,6.387372224977655e-16
1,-10.754937577378307,0.33748997390981367,6.588741527789904e-16
1,-11.090196729826083,0.6969006930136535,6.804181426420154e-16
1,-11.438142866790969,1.0729009645846348,7.03458667338967e-16
1,-11.799347165044983,1.4660224889258082,7.280569393036926e-16
1,-12.173875223053779,1.8762342202797044,7.54236025028263e-16
1,-12.561410339252186,2.303066545388525,7.819855178232595e-16
1,-12.961538060612376,2.74592344967245,8.112801282616439e-16
1,-13.374000562620113,3.2043715760431444,8.420991622290128e-16
1,-13.798811083398975,3.6782781873542447,8.744375155275854e-16
1,-14.236267050669072,4.167835055954178,9.083093704077315e-16
1,-14.686894706422088,4.673502465647993,9.437461116908852e-16
1,-15.151422323632042,5.195982088317124,9.807957373439894e-16
1,-15.630735608040169,5.736167876083822,1.0195203313705295e-15
1,-16.125855303975683,6.295120595431251,1.059994861476873e-15
1,-16.637915975657677,6.874043020435658,1.1023057938982896e-15
1,-17.16815508033767,7.47426641709539,1.1465503568897816e-15
1,-17.717905207340895,8.09724051837049,1.1928359521251276e-15
1,-18.288596206255882,8.74453473480293,1.2412803305048365e-15
1,-18.88174162129321,9.417821657133972,1.2920103991826362e-15
1,-19.49895097027805,10.118889973335717,1.3451631924393839e-15
1,-20.14192787251814,10.84964147138384,1.4008856440540755e-15
1,-20.812477769185076,11.612099048278814,1.4593351819695688e-15
1,-21.512512804342965,12.408411606791681,1.5206800887625045e-15
1,-22.24405979751653,13.24086256342714,1.5851001407113043e-15
1,-23.009268437959577,14.111878694806997,1.652787279114522e-15
1,-23.810420515064468,15.024040236233215,1.7239463847615802e-15
1,-24.649940187939073,15.980092225832308,1.7987961562999602e-15
1,-25.530405279708738,16.982957068904323,1.8775700912998915e-15
1,-26.45455919296937,18.03574785487871,1.960517533530173e-15
1,-27.425324065110257,19.14178312472861,2.047904841110816e-15
1,-28.44581535665693,20.3046033035579,2.1400166930106133e-15
1,-29.519356900781723,21.52798768626373,2.237157445937714e-15
1,-30.649497764428382,22.815973510856335,2.339652662735494e-15
1,-31.84003058351046,24.172876731757224,2.44785078207183e-15
1,-33.09501082126754,25.60331386231269,2.562124878986638e-15
1,-34.41877836972952,27.112226502514726,2.6828746450037263e-15
1,-35.81598093382582,28.704907911355463,2.8105285371723433e-15
1,-37.29159850875123,30.387030836236967,2.9455460326785924e-15
1,-38.85097200909282,32.16468008451483,3.0884202685451324e-15
1,-40.49983196125256,34.04438517551099,3.239680692732288e-15
1,-42.2443324701278,36.0331590122429,3.399896203563849e-15
1,-44.09108553061619,38.13853695263361,3.569678325968666e-15
1,-46.04720097618698,40.368622312648554,3.749684910042408e-15
1,-48.12032851089061,42.73213424961363,3.9406240260399646e-15
1,-50.31870487197062,45.238461499070056,4.143258335960438e-15
1,-52.65120440288452,47.89772000362349,4.358409783683451e-15
1,-55.12739498709988,50.72081665694901,4.586964783376641e-15
1,-57.757599642800805,53.71951950483295,4.829879934266358e-15
1,-60.55296369178285,56.906534304091466,5.0881882539870015e-15
1,-63.52552864452496,60.29558874108929,5.363006036122555e-15
1,-66.68831304089903,63.901524582648456,5.655540354303401e-15
1,-70.05540269086524,67.74040054598522,5.967097439164508e-15
1,-73.64204747110098,71.82960264495568,6.299091665366714e-15
1,-77.4647710336421,76.18796925911792,6.6530557369419595e-15
1,-81.54148860037617,80.8359254230876,7.030651624725282e-15
1,-85.89163991976667,85.7956344039755,7.433682911185132e-15
1,-90.53633225078487,91.09116071224763,7.864108067454514e-15
1,-95.4985036217098,96.7486562294965,8.324055612174482e-15
1,-100.80309718147659,102.79655898405382,8.815840301720171e-15
1,-106.47725866418278,109.26581827934511,9.341981465985745e-15
1,-112.55055463522362,116.19014351668666,9.905223274237596e-15
1,-119.0552101760268,123.60627518122504,1.0508556806613192e-14
1,-126.02637917115835,131.55429299932035,1.1155245152368882e-14
1,-133.50243824155402,140.07795105606567,1.1848850704665008e-14
1,-141.52531845158938,149.22505598027226,1.2593265962598688e-14
1,-150.14087041709635,159.0478832112248,1.3392747435253857e-14
1,-159.39927217641295,169.6036420211317,1.425195351664333e-14
1,-169.35548546959546,180.95499572940022,1.5175986855808465e-14
1,-180.06976043367914,193.17063711769254,1.617044122312388e-14
1,-191.60820681707924,206.3259396855673,1.724145455328024e-14
1,-204.04342379473917,220.50367571869748,1.839576743040841e-14
1,-217.45520967495077,235.7948254440148,1.964078899179455e-14
1,-231.93135458363793,252.29948078995224,2.0984670537059295e-14
1,-247.56853324104668,270.127863264989,2.243638843192652e-14
1,-264.4733043273294,289.40146336130357,2.4005836910058183e-14
1,-282.7632281372273,310.2543148232484,2.5703931859437958e-14
1,-302.56821074476795,332.8345271663135,2.7542735641409526e-14
1,-324.0319103487846,357.3058890902744,2.953558768608467e-14
1,-347.3131784913886,383.8495116520513,3.169723832728042e-14
1,-372.5880493971064,412.66609636628044,3.404403353174671e-14
1,-400.05169469142805,443.9781638340578,3.6594096417453566e-14
1,-429.9207998074262,478.0327631500587,3.936754792845781e-14
1,-462.4361664426095,515.1044390358812,4.2386748502007933e-14
1,-497.8657104899376,555.498649864544,4.567657645946971e-14
1,-536.5078459190158,599.555625717583,4.9264742237239695e-14
1,-578.6953556636109,647.6547816916591,5.318214784156165e-14
1,-624.7997666727449,700.2197060161461,5.746329312076488e-14
1,-663.4288586042784,744.2618106775184,6.105031630971773e-14
